cse_id,sector,cse_name,subsector,organization_size,assessment_period,criticality_tier,expected_alert_volume_daily,expected_monitoring_frequency,reported_escalation_rate,reported_investigation_rate,reported_monitoring_coverage,reported_mttr_minutes
CSE-BANK-01,Finance,CSE-BANK-01 Corporation,General Finance,Large,Q1 2026,Tier 3,187,Continuous,0.9,0.95,0.98,67
CSE-BANK-02,Finance,CSE-BANK-02 Corporation,General Finance,Large,Q1 2026,Tier 1,472,Continuous,0.88,0.9,0.95,31
CSE-POWER-01,Energy,CSE-POWER-01 Corporation,General Energy,Medium,Q1 2026,Tier 3,199,Continuous,0.85,0.92,0.95,93
CSE-POWER-02,Energy,CSE-POWER-02 Corporation,General Energy,Medium,Q1 2026,Tier 3,971,Continuous,0.86,0.88,0.92,89
CSE-TELECOM-01,Telecom,CSE-TELECOM-01 Corporation,General Telecom,Large,Q1 2026,Tier 1,763,Continuous,0.99,1.0,0.99,50
CSE-TELECOM-02,Telecom,CSE-TELECOM-02 Corporation,General Telecom,Large,Q1 2026,Tier 1,230,Continuous,0.8,0.85,0.9,62
CSE-TRANSPORT-01,Transport,CSE-TRANSPORT-01 Corporation,General Transport,Medium,Q1 2026,Tier 3,761,Continuous,0.75,0.8,0.85,105
CSE-HEALTH-01,Healthcare,CSE-HEALTH-01 Corporation,General Healthcare,Large,Q1 2026,Tier 2,408,Continuous,0.82,0.85,0.8,87
CSE-GOV-01,Government,CSE-GOV-01 Corporation,General Government,Huge,Q1 2026,Tier 3,869,Continuous,0.7,0.75,0.8,51
CSE-ENERGY-01,Energy,CSE-ENERGY-01 Corporation,General Energy,Medium,Q1 2026,Tier 3,443,Continuous,0.85,0.85,0.95,118
CSE-FIN-03,Finance,CSE-FIN-03 Corporation,General Finance,Medium,Q1 2026,Tier 3,591,Continuous,0.92,0.94,0.9,78
CSE-INFRA-01,Infrastructure,CSE-INFRA-01 Corporation,General Infrastructure,Small,Q1 2026,Tier 3,513,Continuous,0.88,0.9,0.92,88
